id,name
101,mercifulGelding9
102,giddyBass5
103,grudgingRuffs6
104,aloofChamois1
105,blissfulGnu0
106,fondGatorade0
107,goofyPoultry0
108,dreadfulBuzzard0
109,peskyCaviar0
110,dreadfulAbalone4
111,lyingThrushe1
112,brainyBoars3
113,jumpySheep0
114,bubblyZebra1
115,outlyingBustard9
116,pitifulShads3
117,crummyTomatoe5
118,emptyCur4
119,amazedWasp5
120,dreadfulToucan1
121,lyingPoultry2
122,grizzledApples0
123,cruelStork3
124,wrathfulRhino7
125,debonairBobolink7
126,bubblyCow3
127,peskyMoth8
128,ecstaticMandrill3
129,thrilledPonie5
130,shySnipe9
131,needfulRuffs7
132,wakefulDotterel4
133,importedCoati3
134,pitifulSalami5
135,trustingIguana7
136,aloofStork7
137,outlyingEagle4
138,guiltyMeerkat7
139,similarCow8
140,mercifulZebra0
141,crushedGnu1
142,ferventCur8
143,euphoricTortoise4
144,grumpyGatorade9
145,abjectSalt5
146,abjectBuck4
147,drearySardines1
148,abjectCheese4
149,panickyDingo1
150,debonairBagels9
151,wornoutApricots4
152,solemnOryx8
153,offendedGarlic0
154,aboardMuesli8
155,artisticWildfowl3
156,mercifulPlover5
157,dejectedOil5
158,hushedPretzels3
159,similarWasp4
160,mereWeaver3
161,forsakenSalami4
162,ardentEland9
163,madTeal5
164,sincereBurritos3
165,excitedOtter6
166,pridefulCur9
167,morbidMeerkat2
168,ecstaticMallard3
169,wakefulTomatoe3
170,outlyingMeerkat2
171,wearyWasp9
172,solidOil8
173,contentMandrill3
174,solemnRelish2
175,worriedLemur0
176,enragedDoves7
177,mercifulHoopoe6
178,madToucan7
179,solemnBoars0
180,wearyBasmati1
181,superiorPolenta7
182,giddyStork2
183,bubblyWigeon3
184,excludedRuffs6
185,enviousOatmeal1
186,mellowCordial5
187,abjectKitten2
188,ecstaticTacos2
189,pridefulSalami5
190,peskyPiglet5
191,wrathfulEland6
192,soreTermite2
193,culturedMoth0
194,betrayedEagle8
195,cautiousTuna9
196,culturedLollies0
197,innocentDinosaur9
198,holisticMagpie8
199,amazedFlamingo4
200,adoringGatorade6
